4456190387,i0032qxbi2v
4456608340,j0032ubhl9s
4456609236,x0032o977cc
4456610069,k00329wv1ed
4461316223,t00329rbass
4461316224,y00326sr9vu
4480602774,y0032tb125l
4480603789,x00323jocrm
4480604726,m0032minvpq
4480605477,h0032kvzna4
4480606065,w0032ao1l6o
4485319935,v0032w9abwz
4485319561,l00323w4dhs
4490153959,p0032ylqkg4
4490153962,n0032mibckr
4514170018,l0033tr603q
4514170800,b0033kl134e
4518873710,x003341ds7b
4518874625,b00335ig86b
4523638213,i0033tw7pdn
4523639063,h0033evbn3l
4523640046,g00336gt00t
4523640889,w00336u0t1b
4523641622,z0033e6jyez
4523642368,w0033y11w1w
4523643158,c0033vaqexb
4523643748,k00331cqhio
4531044572,s0033qy3cr5
4531096045,c00339ka821
4552410193,z00335p6vbp
4552410814,k00334tnhys
4557214816,u003383gn30
4557215719,i0033o58mal
4579879041,o0033cp869i
4579879935,u0033m2j2uk
4584508692,i0033dpqxcu
4584508708,l0033n4arkh
4589579802,j0033p7curk
4589580590,v0033usud3k
4613055500,e003358h201
4613036433,b0033pcu7u1
4618855916,l0033cu565q
4618856681,a0033nbp009
4623409016,t0033bfj2ht
4623409365,e0033n97pay
4623409657,c0033527yjb
